category,name,slug,logo_file,short_description,short_description_local,description,description_local,address,lat,lng,google_maps_url,google_place_id,phone,email,website,instagram,facebook,opening_hours,hours_source_url,hours_observed_at,google_rating,google_rating_count,rating_observed_at,emergency_24_7,emergency_note,home_visits,specialties,languages_spoken,photo_urls,animals,source_url,observed_at,notes
GROOMING,Psí salón Veselá Labka - Ružinov,psi-salon-vesela-labka-ruzinov,,"Complete dog grooming, bathing, coat trimming, and ultrasonic teeth cleaning.","Kompletná úprava srsti psov, kúpanie, strihanie a ultrazvukové čistenie zubov.",Pet grooming salon located within the SpektraVet veterinary clinic premises on Ružinovská street in Ružinov. Offers full dog grooming services alongside teeth cleaning and general health checks.,,"Ružinovská 1/4814, 821 02 Bratislava",48.158972,17.175269,,,+421 903 494 000,info@veselalabka.sk,https://veselalabka.sk/sk/salony/bratislava-ruzinov,,,,,,,,2026-09-25,,,,,,https://veselalabka.sk/uploads/l1000/vl-ruzinov-3.jpg;https://veselalabka.sk/uploads/vl-ruzinov-1.jpg;https://veselalabka.sk/uploads/vl-ruzinov-4.jpg;https://veselalabka.sk/uploads/vl-ruzinov-5.jpg,dog,https://veselalabka.sk/sk/salony/bratislava-ruzinov,2026-09-20,no Google rating: network branch without separate card (<5 reviews)
GROOMING,Psí salón Veselá Labka - Petržalka,psi-salon-vesela-labka-petrzalka,,"Full dog grooming, bathing, breed haircuts, and ultrasonic teeth cleaning.","Kompletná úprava srsti psov, kúpanie, strihanie plemien a čistenie zubov.",Pet grooming salon located inside the EasyVet veterinary clinic at Mánesovo námestie in Petržalka. Provides grooming services with the convenience of veterinary consultations on site.,,"Mánesovo námestie 7, 851 01 Bratislava",48.128614,17.110867,https://maps.google.com/?cid=16798022007234473738,ChIJ_Z0QmmWPbEcRCq9nDgSQHuk,+421 220 512 097,info@veselalabka.sk,https://veselalabka.sk/sk/salony/bratislava-petrzalka,,,,,,4.6,28,2026-09-25,,,,,,https://veselalabka.sk/uploads/l1000/easyvet-1.jpg;https://veselalabka.sk/uploads/vet-1.jpeg;https://veselalabka.sk/uploads/vet-2.jpg;https://veselalabka.sk/uploads/ev-3.jpg,dog,https://veselalabka.sk/sk/salony/bratislava-petrzalka,2026-09-20,Vstup z Farského ulice; v priestoroch kliniky EasyVet
GROOMING,Dog Culture,dog-culture,dog-culture.png,"Dog grooming, bathing, breed styling, and ozone spa therapy.","Úprava a strihanie psov, kúpanie, rozčesávanie a ozónoterapia.","Dog salon founded in 2017 in Ružinov providing grooming and wellness care for dogs. Services include breed trims, bathing, massages, and ozone spa treatments.",,"Prievozská 32, 821 05 Bratislava",48.148045,17.152321,,,+421 903 511 410,info@dogculture.sk,https://dogculture.sk,,,,,,,,2026-09-25,,,,,,,dog,https://dogculture.sk,2026-09-20,no Google rating: <5 reviews
GROOMING,Psí salón Zuzana,psi-salon-zuzana,,"Dog haircutting, bathing, coat detangling, and gentle claw care.","Strihanie a kúpanie psov, rozčesávanie splstnatených chlpov a pazúriky.","Dog grooming salon on Rezedová street in Ružinov providing coat care, haircuts, and bathing based on years of grooming and dog rescue experience.",,"Rezedová 5, 821 01 Bratislava",48.152249,17.161227,https://maps.google.com/?cid=17686732626512645415,ChIJx-7BxHWJbEcRJw2ZkJ3lc_U,+421 905 556 451,zuzana10jassova@gmail.com,https://salon-pre-psov.sk,,,,,,4.8,24,2026-09-25,,,,,,,dog,https://salon-pre-psov.sk,2026-09-20,
GROOMING,Psí salón My Champ,psi-salon-my-champ,,"Grooming for dogs of all sizes with haircuts, baths, and natural cosmetics.","Úprava psov všetkých veľkostí, strihanie, kúpanie a prírodná kozmetika.","Dog grooming salon in Karlova Ves catering to dogs of all sizes. Specializes in customized haircutting, stress-free handling, and natural cosmetics.",,"Jurigovo námestie 5, 841 04 Bratislava",48.151069,17.060702,https://maps.google.com/?cid=8244331979884902177,ChIJ4QD2gsaLbEcRIbduX0HAaXI,+421 944 342 284,,https://mychamp.sk,,,,,,4.5,56,2026-09-25,,,,,,,dog,https://mychamp.sk,2026-09-20,E-mail na webe neuvedený; kontakt telefonicky
GROOMING,Psí salón Trim štúdio,psi-salon-trim-studio,psi-salon-trim-studio.png,"Grooming and bathing for dogs and cats, hand stripping, and whirlpool baths.","Strihanie a kúpanie psov aj mačiek, trimovanie a perličkové kúpele.","Dog grooming salon in Dúbravka offering complete hairdressing and cosmetic care for dogs of all breeds, as well as cats and rabbits. Services include trimming, bathing, brushing, and styling.",,"Trhová 50, 841 01 Bratislava",48.187896,17.038923,https://maps.google.com/?cid=16152578563005563520,ChIJcQiBIuGLbEcRgEKJfp98KeA,+421 910 990 313,askrzekova@gmail.com,https://trimstudio.sk,,,,,,4.5,29,2026-09-25,,,,,,https://trimstudio.sk/wp-content/uploads/2016/03/slider2.jpg,dog;cat,https://trimstudio.sk/kontakt/,2026-09-20,Salón ponúka úpravu psov aj mačiek
GROOMING,Salón pre psov Terra,salon-pre-psov-terra,salon-pre-psov-terra.webp,"Dog haircuts, bathing, coat recovery packs, and hydromassage ozone spa.","Strihanie psov, kúpanie, regeneračné zábaly a ozónový hydromasážny kúpeľ.","Dog grooming salon located on Hany Meličkovej in Karlova Ves. Provides professional dog haircutting, bathing, brushing, spa treatments, and ozone therapy.",,"Hany Meličkovej 43, 841 05 Bratislava",48.150937,17.051171,https://maps.google.com/?cid=1946954107355271176,ChIJq_cQCiqLbEcRCBDm-nH4BBs,+421 950 873 641,,https://www.salonterra.sk,,,,,,4.8,117,2026-09-25,,,,,,,dog,https://www.salonterra.sk,2026-09-20,E-mail na webe neuvedený; kontakt telefonicky alebo WhatsApp
GROOMING,Laura - salón pre psov,laura-salon-pre-psov,laura-salon-pre-psov.png,"Dog coat styling, breed haircuts, bathing, and gentle detangling.","Strihanie a úprava psov podľa štandardu, kúpanie a rozčesávanie srsti.","Dog grooming salon in Petržalka with over 30 years of grooming experience. Offers gentle, high-quality coat care and styling for pet companions.",,"Námestie Hraničiarov 18, 851 01 Bratislava",48.120251,17.117542,https://maps.google.com/?cid=13744808226119449130,ChIJazC9yAmJbEcRKnq3L0Jev74,+421 944 240 116,,https://laurasalon.sk,,,,,,4.6,124,2026-09-25,,,,,,,dog,https://laurasalon.sk,2026-09-20,E-mail na webe neuvedený; objekt TS-618 za č. 18 (navigácia Osuského 7); objednávky telefonicky alebo osobne
GROOMING,Salón pre psov Labku na to,salon-pre-psov-labku-na-to,,"Dog styling, bathing, coat detangling, and therapeutic mud wraps.","Strihanie psov, kúpanie, rozčesávanie srsti a terapeutické bahenné zábaly.","Dog grooming salon in Vrakuňa providing tailored coat care, bathing, brushing, therapeutic wraps, and breed-standard or owner-requested haircuts.",,"Čiernovodská 6, 821 07 Bratislava",48.139957,17.209653,https://maps.google.com/?cid=15572478063678463974,ChIJtUBjOQKGbEcR5h8e2kqOHNg,+421 904 666 181,,https://labkunato.sk,,,,,,4.7,67,2026-09-25,,,,,,https://labkunato.sk/fotky/bcg.jpg;https://labkunato.sk/fotky/pes1.jpeg,dog,https://labkunato.sk,2026-09-20,E-mail na webe neuvedený; kontakt telefonicky alebo cez Facebook
GROOMING,Dog's Beauty & Wellness,dog-s-beauty-wellness,dogs-beauty-wellness.png,"Dog grooming, bathing, aromatherapy, ozone spa therapy, and hydromassage.","Strihanie psov, kúpanie, aromaterapia, ozónová terapia a hydromasáž.","Pet wellness and grooming salon in Petržalka specializing in comprehensive coat care. Offers haircuts, brushing, aromatherapy, hydromassage, and ozone therapy.",,"Mánesovo námestie 1230/1, 851 01 Bratislava",48.12853,17.113334,,,+421 948 995 901,andrea@dogsbeauty.sk,https://dogsbeauty.sk,,,,,,,,2026-09-25,,,,,,https://dogsbeauty.sk/wp-content/uploads/2026/04/dogsbeauty-ozonoterapia-proti-plznutiu-1024x858.png;https://dogsbeauty.sk/wp-content/uploads/2022/04/dogsbeautyaromaterapia.jpg;https://dogsbeauty.sk/wp-content/uploads/2026/04/dogsbeauty-ozonoterapia-proti-koznycm-ochoreniam-1024x858.png,dog,https://dogsbeauty.sk,2026-09-20,no Google rating: <5 reviews
VET_CLINIC,SIBRA centrum veterinárnej medicíny,sibra-centrum-veterinarnej-mediciny,,"Veterinary hospital providing CT diagnostics, surgery, neurology, and inpatient hospitalization.","Veterinárna nemocnica s CT diagnostikou, chirurgiou, neurológiou a lôžkovou hospitalizáciou.","Modern veterinary hospital and clinic in Dúbravka equipped for complex medical cases. Provides comprehensive care including computed tomography (CT), specialized diagnostics, and inpatient hospitalization.",,"Na vrátkach 13, 841 01 Bratislava",48.191945,17.043282,https://maps.google.com/?cid=160918407076768096,ChIJiQWKN5OMbEcRYOmhS3CyOwI,+421 2 6446 1794,klinika@sibra.sk,https://www.sibra.sk,,,,,,4.7,600,2026-09-25,,,,,,,,https://www.sibra.sk/kontakt,2026-09-20,docs/concept.md absent; district omitted per instructions
VET_CLINIC,Vetline Veterinárna nemocnica,vetline-veterinarna-nemocnica,,"Veterinary hospital offering 24/7 emergency care, in-house laboratory, and advanced CT diagnostics.","Veterinárna nemocnica s nepretržitou pohotovosťou 24/7, vlastným laboratóriom a CT diagnostikou.","Veterinary hospital in Staré Mesto with 24/7 emergency service, in-house laboratory, endoscopy, and CT diagnostics situated in a modern 600 m² facility.",,"Staromestská 6/D, 811 03 Bratislava",48.146679,17.104593,https://maps.google.com/?cid=7369388707985592520,ChIJ_WO4d1yJbEcRyJBBN_xTRWY,+421 2 5441 2869,info@vetline.sk,https://vetline.sk,,,,,,4.3,526,2026-09-25,,,,,,https://vetline.sk/hero-blinking.jpg,,https://vetline.sk,2026-09-20,docs/concept.md absent; district omitted per instructions
VET_CLINIC,Marfilvet veterinárna nemocnica,marfilvet-veterinarna-nemocnica,marfilvet-veterinarna-nemocnica.png,"Comprehensive emergency care, computed tomography, endoscopy, and specialized surgical facilities.","Pohotovostná starostlivosť, CT vyšetrenia, endoskopia a špecializované chirurgické zákroky.","Veterinary hospital in Lamač providing comprehensive care, emergency service, modern diagnostic equipment, and surgical facilities operating since 2000.",,"Hodonínska 16, 841 03 Bratislava",48.19176,17.047068,https://maps.google.com/?cid=13179175955138546791,ChIJDzxqFYiMbEcRZwxndrTW5bY,+421 911 555 055,info@marfilvet.sk,https://marfilvet.sk,,,,,,4.2,372,2026-09-25,,,,,,https://marfilvet.sk/wp-content/uploads/2026/04/Preventivna-prehliadka-Marfilvet.png,,https://www.marfilvet.sk/kontakt/,2026-09-20,docs/concept.md absent; district omitted per instructions
VET_CLINIC,VetPoint veterinárna klinika,vetpoint-veterinarna-klinika,,"Specialized veterinary hospital focused on surgery, orthopedics, feline medicine, and oncology.","Špecializovaná klinika so zameraním na chirurgiu, ortopédiu, felínnu medicínu a onkológiu.","Specialized small-animal veterinary hospital and referral center in Petržalka focusing on veterinary surgery, orthopedics, feline medicine, and clinical oncology.",,"Panónska cesta 38/A, 851 04 Bratislava",48.1068,17.095022,https://maps.google.com/?cid=14214852142696420325,ChIJEXA6nZeJbEcR5dMe1LVMRcU,+421 948 029 674,vetpoint@anicura.sk,https://www.vetpoint.sk,,,,,,4.2,397,2026-09-25,,,,,,,,https://www.vetpoint.sk/kontakt,2026-09-20,docs/concept.md absent; district omitted per instructions
VET_CLINIC,Veterinárna nemocnica BENNETT,veterinarna-nemocnica-bennett,veterinarna-nemocnica-bennett.svg,"Advanced referral center offering orthopedics, gait laboratory, laparoscopy, and MRI diagnostics.","Pracovisko zamerané na ortopédiu, analýzu chôdze, laparoskopické operácie a vyšetrenia MRI.","Specialized veterinary hospital in Lamač operating since 2000. Features advanced facilities for orthopedics, laparoscopy, MRI, CT diagnostics, and canine hydrotherapy.",,"Lamačská cesta 53, 841 03 Bratislava",48.180942,17.055837,https://maps.google.com/?cid=15018714217976194413,ChIJI1vDZlKJbEcRbWWUOQIxbdA,+421 907 824 196,bennett.nemocnica@gmail.com,https://bennett.sk,,,,,,4.2,355,2026-09-25,,,,,,,,https://bennett.sk/kontakt,2026-09-20,docs/concept.md absent; district omitted per instructions
VET_CLINIC,Veterinárna klinika PrimaVet,veterinarna-klinika-primavet,,"Emergency clinic with digital X-ray, in-house laboratory facilities, and a dedicated cat room.","Pohotovostná klinika s digitálnym RTG, vlastným laboratóriom a oddelenou čakárňou pre mačky.","Veterinary clinic and emergency hospital in Rača equipped with modern diagnostics, laboratory facilities, and surgical suites with emergency on-call hours until midnight.",,"Rustaveliho 11, 831 06 Bratislava",48.21398,17.156461,https://maps.google.com/?cid=14939500541081923202,ChIJ2-HokWyObEcRgq7x2JbEU88,+421 2 2051 2095,info@primavet.sk,https://www.primavet.sk,,,,,,4.4,400,2026-09-25,,,,,,https://www.primavet.sk/assets/images/primavet-17.jpg;https://www.primavet.sk/assets/images/primavet-15.jpg;https://www.primavet.sk/assets/images/primavet-14.jpg;https://www.primavet.sk/assets/images/primavet-16.jpg,,https://www.primavet.sk/sk/kontakt,2026-09-20,docs/concept.md absent; district omitted per instructions
VET_CLINIC,Veterinárna klinika BullyPet,veterinarna-klinika-bullypet,,"Established veterinary clinic offering internal medicine, soft-tissue surgery, and diagnostics.","Veterinárna prax poskytujúca internú medicínu, chirurgiu mäkkých tkanív a zobrazovaciu diagnostiku.","Established in 1992 on Odborárske námestie in Staré Mesto, BullyPet is one of Bratislava's longest-running veterinary clinics, offering internal medicine, soft-tissue surgery, and diagnostics.",,"Odborárske námestie 4, 811 07 Bratislava",48.152265,17.1201,https://maps.google.com/?cid=14475368723850689260,ChIJDYbYKkmJbEcR7HrrGSnX4sg,+421 903 700 212,info@bullypetklinika.sk,https://veterinarbratislava.sk,,,,,,4.7,270,2026-09-25,,,,,,https://veterinarbratislava.sk/wp-content/uploads/2022/11/1-1024x683.jpeg;https://veterinarbratislava.sk/wp-content/uploads/2022/11/2-1024x697.jpeg;https://veterinarbratislava.sk/wp-content/uploads/2022/11/3-1024x683.jpeg;https://veterinarbratislava.sk/wp-content/uploads/2022/11/interna-medicina-300x200.png,,https://veterinarbratislava.sk/#kontakt,2026-09-20,docs/concept.md absent; district omitted per instructions
VET_CLINIC,Veterinárna poliklinika BAJVET,veterinarna-poliklinika-bajvet,,"Veterinary polyclinic offering preventative medicine, soft-tissue, and orthopedic surgeries.",Veterinárna poliklinika poskytujúca preventívnu medicínu a operácie mäkkých i tvrdých tkanív.,Veterinary polyclinic on Bajkalská in Ružinov providing comprehensive medical care from preventative examinations to soft-tissue and orthopedic surgeries.,,"Bajzova 4, 821 08 Bratislava",48.159328,17.138311,https://maps.google.com/?cid=2076345946400661901,ChIJp4vxeMuObEcRjaEIJqOp0Bw,+421 910 313 301,bajvet@bajvet.sk,https://www.bajvet.sk,,,,,,4.5,326,2026-09-25,,,,,,https://www.bajvet.sk/wp-content/uploads/2026/05/bajvet-about-sablona-1024x914.png,,https://www.bajvet.sk/kontakt/,2026-09-20,docs/concept.md absent; district omitted per instructions
VET_CLINIC,EasyVet veterinárna klinika,easyvet-veterinarna-klinika,,"Modern veterinary clinic with digital X-ray, ultrasonography, soft-tissue surgery, and grooming.","Moderná veterinárna klinika s digitálnym RTG, ultrazvukom, chirurgiou a salónom pre psov.","Modern veterinary clinic in Petržalka on Mánesovo námestie offering preventative medicine, digital radiography, ultrasonography, soft-tissue surgery, and an on-site grooming salon.",,"Mánesovo námestie 7, 851 01 Bratislava",48.128614,17.110867,https://maps.google.com/?cid=17890259765511091337,ChIJ42C0W4WJbEcRiXTAVnj4Rvg,+421 2 2051 2097,info@easyvet.sk,https://www.easyvet.sk,,,,,,4.4,96,2026-09-25,,,,,,https://www.easyvet.sk/assets/images/easyvet-09.jpg;https://www.easyvet.sk/assets/images/easyvet-08.jpg;https://www.easyvet.sk/uploads/ev-4.jpg;https://www.easyvet.sk/uploads/foto-15.jpg,,https://www.easyvet.sk/sk/kontakt,2026-09-20,docs/concept.md absent; district omitted per instructions
VET_CLINIC,MyPet Clinic,mypet-clinic,,"Full-service animal clinic equipped with digital radiography, in-house laboratory, and parking.","Komplexná veterinárna starostlivosť s digitálnym RTG, vlastným laboratóriom a parkovaním.","Modern veterinary clinic on Mierová street in Ružinov equipped with digital X-ray, in-house laboratory, surgery, and dedicated client parking. Provides complete preventative and emergency care.",,"Mierová 27, 821 05 Bratislava",48.149664,17.1679,https://maps.google.com/?cid=6380476245270924867,ChIJfbqWO3eJbEcRQw4xAVcBjFg,+421 2 22 113 113,mypet@mypet.sk,https://www.mypet.sk,,,,,,4.7,133,2026-09-25,,,,,,https://www.mypet.sk/wp-content/uploads/2024/09/mypet_clinic-18-2.jpg;https://www.mypet.sk/wp-content/uploads/2025/08/mypet_clinic-8-1.jpg;https://www.mypet.sk/wp-content/uploads/2025/08/mypet_clinic-80-1.jpg,,https://www.mypet.sk/kontakt/,2026-09-20,docs/concept.md absent; district omitted per instructions
VET_CLINIC,Veterinárna klinika Slnečnice,veterinarna-klinika-slnecnice,,"Modern practice providing preventative care, urgent treatments, diagnostics, and dental hygiene.","Moderná prax poskytujúca prevenciu, urgentnú pomoc, laboratórne vyšetrenia a dentálnu hygienu.","Veterinary clinic in the Slnečnice development in Petržalka, opened in December 2022. Provides general practice, urgent care, laboratory diagnostics, and dental care.",,"Zuzany Chalupovej 7A, 851 07 Bratislava",48.092062,17.117518,https://maps.google.com/?cid=8054031007315086551,ChIJVdH9fiKJbEcR10z_cIeqxW8,+421 917 155 155,klinika@veterinaslnecnice.sk,https://veterinaslnecnice.sk,,,,,,4.8,28,2026-09-25,,,,,,https://veterinaslnecnice.sk/veterinaslnecnice/images/home.webp;https://veterinaslnecnice.sk/veterinaslnecnice/images/card-04.jpg;https://veterinaslnecnice.sk/veterinaslnecnice/images/card-03.jpg;https://veterinaslnecnice.sk/veterinaslnecnice/images/card-01.jpg,,https://veterinaslnecnice.sk/kontakt/,2026-09-20,docs/concept.md absent; district omitted per instructions
VET_CLINIC,Animal clinic - MVDr. Andrea Gloneková,animal-clinic-mvdr-andrea-glonekova,,"Veterinary practice specializing in internal medicine, endocrinology, and small rodent care.","Veterinárna prax so zameraním na internú medicínu, endokrinológiu a starostlivosť o drobné cicavce.","Veterinary practice in Trnávka (Ružinov) led by MVDr. Andrea Gloneková. Specializes in internal medicine, preventative care, endocrinology, and treatment of dogs, cats, and small rodents.",,"Nerudova 11, 821 04 Bratislava",48.16769,17.164279,https://maps.google.com/?cid=1310108936340803643,ChIJ64R8FPyPbEcRO5Co5yJxLhI,+421 911 521 781,glonekova@animalclinic.sk,https://www.animalclinic.sk,,,,,,5.0,65,2026-09-25,,,,,,,,https://www.animalclinic.sk/kontakt/,2026-09-20,docs/concept.md absent; district omitted per instructions
VET_CLINIC,VET-SVET veterinárna ambulancia,vet-svet-veterinarna-ambulancia,,"Personalized veterinary care for pets featuring preventative medicine, laser therapy, and surgery.","Individuálna starostlivosť o zvieratá s preventívnou medicínou, laserovou terapiou a chirurgiou.","Veterinary clinic in Dúbravka providing individual healthcare for dogs, cats, and small animals. Services include preventative medicine, laser therapy, soft-tissue surgery, and diagnostics.",,"Trhová 38, 841 01 Bratislava",48.187479,17.039091,https://maps.google.com/?cid=13123073772508864083,ChIJmyTUd5eMbEcRU96iKxGGHrY,+421 2 6428 2418,info.vetsvet@gmail.com,https://vetsvet.sk,,,,,,4.8,99,2026-09-25,,,,,,https://vetsvet.sk/wp-content/uploads/2024/01/laserova-terapia-1.webp,,https://vetsvet.sk/kontakt/,2026-09-20,docs/concept.md absent; district omitted per instructions
VET_CLINIC,Small Vet Plus,small-vet-plus,,"Veterinary hospital with 24/7 emergency service, digital radiography, and patient hospitalization.","Veterinárna nemocnica s nepretržitou pohotovosťou, digitálnym RTG a hospitalizačným oddelením.","Veterinary hospital on Žitná street in Rača providing round-the-clock emergency care. Facilities include digital X-ray, ultrasound, surgical suites, and an inpatient hospitalization ward.",,"Žitná 46, 831 06 Bratislava",48.207468,17.154288,https://maps.google.com/?cid=11546958902336476737,ChIJu9rnMm-ObEcRQdbMefEJP6A,+421 949 247 294,info@smallvet.sk,https://www.smallvet.sk,,,,,,4.2,132,2026-09-25,,,,,,https://www.smallvet.sk/static/images/main.69f92426f100.png,,https://www.smallvet.sk,2026-09-20,docs/concept.md absent; district omitted per instructions
VET_CLINIC,Super zoo veterina,super-zoo-veterina,,"Low-stress veterinary consultations, preventative checkups, diagnostics, and routine procedures.","Bezstresové veterinárne vyšetrenia, preventívna starostlivosť, diagnostika a rutinné zákroky.","Veterinary clinic in Petržalka focusing on stress-free consultations, preventative medicine, diagnostics, and routine surgical procedures for domestic pets.",,"Einsteinova 18, 851 01 Bratislava",48.132697,17.108577,,,+421 910 430 466,avion@superzooveterina.sk,https://www.superzooveterina.sk,,,,,,,,2026-09-25,,,,,,,,https://www.superzooveterina.sk,2026-09-20,docs/concept.md absent; district omitted per instructions; no Google rating: in-store clinic booth without separate card (<5 reviews)
VET_CLINIC,ANIMAVET veterinárna ambulancia,animavet-veterinarna-ambulancia,,"Veterinary healthcare, vaccinations, preventative checkups, and exotic animal treatments.","Veterinárna starostlivosť, vakcinácie, preventívne prehliadky a ošetrenie exotických zvierat.","Veterinary practice in Petržalka on Šintavská street providing general healthcare, vaccinations, preventative checkups, and diagnostic consultations by phone appointment.",,"Medveďovej 19, 851 04 Bratislava",48.121044,17.133659,https://maps.google.com/?cid=12949561920756400762,ChIJmXvqFgGJbEcRekKcC_UVtrM,+421 917 859 982,info@animavet.sk,https://www.animavet.sk,,,,,,4.9,18,2026-09-25,,,,,,,,https://www.animavet.sk/kontakt/,2026-09-20,docs/concept.md absent; district omitted per instructions
VET_CLINIC,Veterinárna klinika LapVet,veterinarna-klinika-lapvet,,"Veterinary practice specializing in gentle laparoscopic surgery, cardiology, and dental treatments.","Veterinárna prax so špecializáciou na šetrnú laparoskopickú chirurgiu, kardiológiu a stomatológiu.","Veterinary clinic in Petržalka with two branches on Osuského and Beňadická streets. Specializes in advanced laparoscopic surgery, cardiology, dentistry, and gentle surgical techniques.",,"Osuského 46, 851 03 Bratislava",48.119095,17.11774,https://maps.google.com/?cid=12139919731807246185,ChIJFdrzeqeJbEcRaVcgEK2oeag,+421 944 432 444,vet.ambulancia@gmail.com,https://www.lapvet.sk,,,,,,4.5,180,2026-09-25,,,,,,https://www.lapvet.sk/img/laparoskopia-vykon.webp;https://www.lapvet.sk/img/kardio-vysetrenie.webp;https://www.lapvet.sk/img/tim-lapvet.webp,,https://www.lapvet.sk,2026-09-20,docs/concept.md absent; district omitted per instructions
VET_CLINIC,PetVet veterinárna klinika,petvet-veterinarna-klinika,,"Evidence-based veterinary care offering advanced diagnostics, orthopedic surgery, and stem cells.",Veterinárna starostlivosť založená na dôkazoch s pokročilou diagnostikou a kmeňovými bunkami.,"Established veterinary clinic in Petržalka with 25 years of practice, emphasizing evidence-based medicine. Offers comprehensive diagnostics, orthopedic surgery, oncology, and stem cell therapies.",,"Starohájska 35, 851 02 Bratislava",48.111628,17.125834,https://maps.google.com/?cid=2240306985613310594,ChIJ38H5FKyJbEcRgrpOcVUrFx8,+421 2 624 124 96,pet.vet@petvet.sk,http://www.petvet.sk,,,,,,4.6,147,2026-09-25,,,,,,http://www.petvet.sk/img/clinic-real-2026.webp,,http://www.petvet.sk,2026-09-20,docs/concept.md absent; district omitted per instructions
VET_CLINIC,Veterinárna ambulancia SpektraVet,veterinarna-ambulancia-spektravet,,"Comprehensive healthcare offering soft-tissue surgery, dental cleanings, and co-located grooming.","Komplexná veterinárna starostlivosť s chirurgiou mäkkých tkanív, stomatológiou a salónom pre psov.","Veterinary clinic on Ružinovská street in Ružinov providing preventative medicine, general surgery, dental care, and laboratory diagnostics, co-located with a pet grooming salon.",,"Ružinovská 1/4814, 821 02 Bratislava",48.158972,17.175269,https://maps.google.com/?cid=5642576145085995447,ChIJY0oK1TGPbEcRt5nxuRt1Tk4,+421 903 494 000,info@spektravet.sk,https://www.spektravet.sk,,,,,,4.7,104,2026-09-25,,,,,,https://www.spektravet.sk/assets/images/spektravet-01.jpg;https://www.spektravet.sk/assets/images/spektravet-03.jpg;https://www.spektravet.sk/assets/images/spektravet-05.jpg;https://www.spektravet.sk/uploads/recepcia-a.jpg,,https://www.spektravet.sk,2026-09-20,docs/concept.md absent; district omitted per instructions
VET_CLINIC,Veterinárna ambulancia VetFriends,veterinarna-ambulancia-vetfriends,veterinarna-ambulancia-vetfriends.svg,"Calm veterinary practice specializing in behavioral medicine, preventative care, and soft surgery.","Pokojné pracovisko so zameraním na behaviorálnu medicínu, preventívnu starostlivosť a chirurgiu.","Modern veterinary clinic located in the Urban Residence complex in Nové Mesto. Provides preventative healthcare, internal medicine, soft-tissue surgery, and diagnostics in a calm environment.",,"Račianska 26/E, 831 02 Bratislava",48.162448,17.125549,https://maps.google.com/?cid=2327023029351351838,ChIJb0pfvtCPbEcRHgakuB0_SyA,+421 949 429 084,info@vetfriends.sk,https://vetfriends.sk,,,,,,4.9,12,2026-09-25,,,,,,https://vetfriends.sk/wp-content/uploads/2023/05/psik-veterinar-white3.jpg;https://vetfriends.sk/wp-content/uploads/2023/04/Preventivna-medicina.jpg;https://vetfriends.sk/wp-content/uploads/2023/04/interna-medicina2.jpg,,https://vetfriends.sk,2026-09-20,docs/concept.md absent; district omitted per instructions
VET_CLINIC,ZEBRA veterinárna ambulancia,zebra-veterinarna-ambulancia,zebra-veterinarna-ambulancia.webp,"First-contact clinic treating companion animals, reptiles, and birds, with an on-site dog wash.","Prvokontaktná starostlivosť o psy, mačky, plazy aj vtáctvo s vlastným samoobslužným psím kúpeľom.","First-contact veterinary clinic in Karlova Ves treating dogs, cats, reptiles, birds, and small mammals. Features air-conditioned consulting rooms, diagnostic equipment, and an on-site dog grooming station.",,"Kresánkova 3, 841 05 Bratislava",48.150788,17.049861,https://maps.google.com/?cid=1605007223219899637,ChIJKcwFfJiLbEcR9Uz12ZAhRhY,+421 944 725 939,veterina@zebravet.sk,https://www.zebravet.sk,,,,,,4.8,111,2026-09-25,,,,,,,,https://www.zebravet.sk,2026-09-20,docs/concept.md absent; district omitted per instructions
VET_CLINIC,VetPetržalka veterinárna ambulancia,vetpetrzalka-veterinarna-ambulancia,,"Veterinary practice providing internal medicine, digital X-ray, ultrasound, and general surgeries.","Veterinárna ambulancia s internou medicínou, digitálnym RTG, ultrazvukom a chirurgickými zákrokmi.","Veterinary practice on Gercenova street in Petržalka offering internal medicine, laboratory diagnostics, digital X-ray, ultrasound, dentistry, surgery, and preventative healthcare programs.",,"Gessayova 35, 851 03 Bratislava",48.120112,17.112149,https://maps.google.com/?cid=12933954558482164887,ChIJmQMNzHCJbEcRl6xf1ySjfrM,+421 908 129 010,hanka.zelenkova@gmail.com,https://www.vetpetrzalka.sk,,,,,,4.9,175,2026-09-25,,,,,,https://www.vetpetrzalka.sk/images/web_image_03.webp;https://www.vetpetrzalka.sk/images/web_image_04.jpg;https://www.vetpetrzalka.sk/images/web_image_05.jpg;https://www.vetpetrzalka.sk/images/web_image_06.jpg,,https://www.vetpetrzalka.sk,2026-09-20,docs/concept.md absent; district omitted per instructions
VET_CLINIC,EuroVet veterinárna ambulancia,eurovet-veterinarna-ambulancia,,"Outpatient veterinary surgery providing diagnostics, hirudotherapy, boarding, and home visits.","Ambulantná veterinárna prax ponúkajúca diagnostiku, hirudoterapiu, hotel a výjazdovú službu.","Veterinary surgery in Petržalka providing medical care for small animals, including diagnostics, routine surgery, hirudotherapy, home visit services, and short-term boarding.",,"Strečnianska 4, 851 05 Bratislava",48.105421,17.104291,,,+421 910 978 234,info@eurovet.sk,http://www.eurovet.sk,,,,,,,,2026-09-25,,,,,,http://www.eurovet.sk/images/img1E.jpg;http://www.eurovet.sk/images/m.jpg;http://www.eurovet.sk/images/mp.jpg,,http://www.eurovet.sk,2026-09-20,docs/concept.md absent; district omitted per instructions; no Google rating: closed or <5 reviews
VET_CLINIC,Veterinárna klinika Planet,veterinarna-klinika-planet,,"Veterinary clinic providing diagnostic imaging, soft-tissue surgery, and healthcare since 2003.","Veterinárna klinika poskytujúca zobrazovaciu diagnostiku, chirurgiu a zdravotnú starostlivosť.","Veterinary clinic located on Popradská street in Podunajské Biskupice, serving pets with medical and surgical care since 2003.",,"Popradská 32, 821 06 Bratislava",48.135679,17.194197,https://maps.google.com/?cid=17050103489021090191,ChIJ5zDhrKWIbEcRjxnAtskinuw,+421 948 910 737,info@klinikaplanet.sk,https://www.klinikaplanet.sk,,,,,,4.6,265,2026-09-25,,,,,,,,https://www.klinikaplanet.sk,2026-09-20,docs/concept.md absent; district omitted per instructions
VET_CLINIC,DermaVet veterinárna ambulancia,dermavet-veterinarna-ambulancia,,Specialized veterinary clinic focused on dermatology and allergic skin disorders in companions.,Špecializovaná ambulancia zameraná na veterinárnu dermatológiu a alergické ochorenia kože zvierat.,"Specialized veterinary clinic in Nové Mesto led by MVDr. Daniela Micháľová, focusing on veterinary dermatology and allergic skin disorders in companion animals.",,"Račianska 75, 831 02 Bratislava",48.171126,17.126552,,,+421 903 511 156,info@dermavet.sk,https://dermavet.sk,,,,,,,,2026-09-25,,,,,,,,https://dermavet.sk,2026-09-20,docs/concept.md absent; district omitted per instructions; no Google rating: specialized clinic with <5 reviews
VET_CLINIC,Veterinárna ambulancia Kocúr,veterinarna-ambulancia-kocur,,"Neighborhood veterinary practice offering health checkups, treatments, and routine vaccinations.","Veterinárna prax poskytujúca bežné vyšetrenia, liečebnú starostlivosť a pravidelné očkovania.","Veterinary practice in the Štrkovec neighborhood of Ružinov on Herlianska street, offering clinical checkups, treatments, and vaccinations for small companion animals.",,"Herlianska 45, 821 03 Bratislava",48.159812,17.155661,https://maps.google.com/?cid=12495950317244915024,ChIJ2e8coNaObEcRUB1QbpuIaq0,+421 903 655 897,,http://www.veterinarkocur.sk,,,,,,4.8,292,2026-09-25,,,,,,http://www.veterinarkocur.sk/ambulancia1.JPG;http://www.veterinarkocur.sk/ambulancia4.JPG;http://www.veterinarkocur.sk/ambulancia5.JPG,,http://www.veterinarkocur.sk,2026-09-20,docs/concept.md absent; district omitted per instructions; email not publicly listed on website
VET_CLINIC,Tvoja Veterina,tvoja-veterina,,"Family veterinary clinic offering comprehensive healthcare, routine surgery, and vaccinations.","Rodinná veterinárna klinika poskytujúca komplexnú starostlivosť, chirurgiu a preventívne očkovanie.","Family veterinary clinic in Karlova Ves offering comprehensive healthcare, vaccinations, surgery, and preventative treatments for dogs and cats.",,"Kempelenova 2, 841 04 Bratislava",48.156902,17.055377,https://maps.google.com/?cid=6092700500138120134,ChIJBcQMYJqLbEcRxtOTCdOejVQ,+421 915 390 806,info@tvojaveterina.sk,https://tvojaveterina.sk,,,,,,4.8,272,2026-09-25,,,,,,https://www.tvojaveterina.sk/uploads/gallery/1/thumbs/center_1_phpSRP4rA;https://www.tvojaveterina.sk/uploads/gallery/1/thumbs/center_2_phpmNN3SG;https://www.tvojaveterina.sk/uploads/gallery/1/thumbs/right_1_phpR45dSu,,https://tvojaveterina.sk,2026-09-20,docs/concept.md absent; district omitted per instructions
VET_CLINIC,Veterinárna ambulancia AHAvet,veterinarna-ambulancia-ahavet,,"General pet healthcare, diagnostic imaging, soft-tissue surgery, and preventative medicine.","Všeobecná starostlivosť o zvieratá, diagnostika, chirurgia mäkkých tkanív a preventívna medicína.","Veterinary clinic in Karlova Ves providing compassionate medical care, diagnostics, soft-tissue surgery, and preventative medicine for domestic pets.",,"Ľudovíta Fullu 7, 841 05 Bratislava",48.153556,17.050283,https://maps.google.com/?cid=13890847067888717291,ChIJQaxPBZeLbEcR643Its8zxsA,+421 2 654 128 98,ahavet.ambulancia@gmail.com,https://www.ahavet.sk,,,,,,4.4,288,2026-09-25,,,,,,https://ahavet.sk/wp-content/uploads/2024/02/domov_hero_klinika.webp,,https://www.ahavet.sk,2026-09-20,docs/concept.md absent; district omitted per instructions
VET_CLINIC,Veterinárna ambulancia Labka,veterinarna-ambulancia-labka,,"Friendly veterinary surgery providing outpatient consultations, vaccinations, and basic medicine.","Veterinárna ambulancia ponúkajúca bežné vyšetrenia, očkovanie a základnú liečebnú starostlivosť.","Veterinary surgery in Petržalka on Osuského street providing basic medical care, consultations, vaccinations, and treatment for companion pets.",,"Ambroseho 11, 851 02 Bratislava",48.116496,17.115338,https://maps.google.com/?cid=4129551532480303195,ChIJB95j-qaJbEcRW5AoTz0dTzk,+421 944 638 753,ordinacia@veterina-labka.sk,http://www.veterina-labka.sk,,,,,,4.9,87,2026-09-25,,,,,,,,http://www.veterina-labka.sk,2026-09-20,docs/concept.md absent; district omitted per instructions
VET_CLINIC,Veterinárna ambulancia Polianky,veterinarna-ambulancia-polianky,,"Outpatient veterinary practice offering preventative examinations, diagnostics, and routine care.","Ambulantná prax ponúkajúca preventívne vyšetrenia, diagnostiku, liečbu a výjazdové ošetrenia.","Veterinary practice on Polianky in Dúbravka operated by MVDr. Katarína Pekárová, offering general health examinations, diagnostics, vaccinations, and routine medical care.",,"Polianky 8, 841 01 Bratislava",48.175309,17.059842,https://maps.google.com/?cid=3869718626719098777,ChIJ69W8DHyMbEcRmedNnpYAtDU,+421 905 320 014,katarinapekarova7@gmail.com,http://www.bratislava-veterinar.sk,,,,,,4.9,122,2026-09-25,,,,,,http://www.bratislava-veterinar.sk/images/design/slide-1.jpg;https://www.bratislava-veterinar.sk/images/box-vet.jpg,,http://www.bratislava-veterinar.sk,2026-09-20,docs/concept.md absent; district omitted per instructions
VET_CLINIC,Veterinárna ambulancia MVDr. Pavol Čech,veterinarna-ambulancia-mvdr-pavol-cech,veterinarna-ambulancia-mvdr-pavol-cech.png,"Holistic veterinary consultations combining conventional medicine, laser therapy, and acupuncture.","Komplexná veterinárna starostlivosť kombinujúca klasickú medicínu, laserovú terapiu a akupunktúru.","Veterinary practice in Lamač led by MVDr. Pavol Čech, providing medical examinations, preventative care, and clinical consultations for small domestic animals.",,"Heyrovského 12, 841 03 Bratislava",48.196654,17.047135,https://maps.google.com/?cid=12826777605545302545,ChIJexsyHuyMbEcREZp250XeAbI,+421 903 463 022,pavolcech@gmail.com,https://veterinalamac.sk,,,,,,4.8,84,2026-09-25,,,,,,,,https://veterinalamac.sk,2026-09-20,docs/concept.md absent; district omitted per instructions
VET_CLINIC,Veterinárna klinika Vrakuňa,veterinarna-klinika-vrakuna,,"Outpatient clinic providing diagnostic consultations, routine soft-tissue surgery, and vaccines.","Ambulantná klinika ponúkajúca diagnostiku, bežné operácie mäkkých tkanív a preventívne očkovania.","Veterinary clinic in Vrakuňa on Hradská street offering outpatient consultations, routine surgery, vaccinations, microchipping, and preventative pet care.",,"Hradská 58, 821 07 Bratislava",48.150844,17.201825,https://maps.google.com/?cid=4298302523635982300,ChIJq4_otf-PbEcR3N98Ml-jpjs,+421 2 45 25 98 31,veterinar@veterinar-vrakuna.sk,http://www.veterinar-vrakuna.sk,,,,,,4.5,160,2026-09-25,,,,,,,,http://www.veterinar-vrakuna.sk,2026-09-20,docs/concept.md absent; district omitted per instructions
VET_CLINIC,Veterinárna ambulancia BHVet,veterinarna-ambulancia-bhvet,,"Veterinary practice providing internal medicine, diagnostic ultrasound, surgery, and vaccinations.","Veterinárna prax poskytujúca internú medicínu, ultrazvukovú diagnostiku, chirurgiu a očkovania.","Veterinary practice on Koľajná street in Rača providing general medical consultations, vaccinations, diagnostics, and preventative care for small animals.",,"Koľajná 27, 831 06 Bratislava",48.208507,17.159511,https://maps.google.com/?cid=13296358578101798467,ChIJt9IfvWmObEcRQ8b5_a0nhrg,+421 2 4488 6606,info@vetambraca.sk,http://www.vetambraca.sk,,,,,,4.7,263,2026-09-25,,,,,,,,http://www.vetambraca.sk,2026-09-20,docs/concept.md absent; district omitted per instructions
VET_CLINIC,Veterinárna poliklinika Jarovce - MVDr. Milan Švihran,veterinarna-poliklinika-jarovce-mvdr-milan-svihran,,"Polyclinic equipped with an in-house lab, radiography, ultrasound, and inhalation anesthesia.","Poliklinika s vlastným laboratóriom, digitálnym RTG, sonografom a inhalačnou anestéziou.","Veterinary polyclinic in Jarovce established by MVDr. Milan Švihran, offering medical examinations, preventative veterinary care, and treatments for domestic animals.",,"Semenárska 36, 851 10 Bratislava",48.066747,17.118774,https://maps.google.com/?cid=8026088566367930641,ChIJ-Ri3GJBibEcREUkv7gZlYm8,+421 2 6286 0040,klinikajarovce@gmail.com,https://veterinar-svihran.sk,,,,,,4.5,51,2026-09-25,,,,,,,,https://veterinar-svihran.sk,2026-09-20,docs/concept.md absent; district omitted per instructions
PET_HOTEL,Petrooms - Hotel pre mačky,petrooms-hotel-pre-macky,,Cage-free cat boarding in individual private rooms with climbing walls.,Bezklietkový hotel pre mačky v samostatných izbičkách s preliezkami.,"Specialized cat hotel in Ružinov offering cage-free accommodation in individual private rooms. Designed to minimize feline stress in a quiet, dedicated environment.",,"Mierová 62, 821 05 Bratislava",48.149359,17.173807,https://maps.google.com/?cid=6958533344006488521,ChIJuXYnF2OJbEcRycE3XzWtkWA,+421 949 250 242,petrooms.sk@gmail.com,https://petrooms.sk,,,,,,5.0,8,2026-09-25,,,,,,https://petrooms.sk/wp-content/uploads/2026/03/66e7d4ecda5b58c7fbf60ab0850207cee72b12d8.jpg,cat,https://petrooms.sk/kontakt/,2026-09-20,Hotel pre mačky s ubytovaním v samostatných izbách
PET_HOTEL,CeziVET - Hotel pre mačky,cezivet-hotel-pre-macky,cezivet-hotel-pre-macky.svg,Quiet feline hotel and clinic with individual rooms and vet supervision.,Kľudný hotel pre mačky s individuálnymi izbami a veterinárnym dohľadom.,Feline-focused veterinary clinic and cat hotel located on Karpatská street in Staré Mesto. Provides peaceful boarding with professional veterinary oversight on site.,,"Karpatská 13, 811 05 Bratislava",48.158071,17.113552,https://maps.google.com/?cid=13945474857314467900,ChIJx9PvYAeJbEcRPMBeFn9HiME,+421 948 941 388,cezivet@gmail.com,https://www.cezivet.sk,,,,,,4.9,90,2026-09-25,,,,,,https://www.cezivet.sk/_astro/cezar.B1DzCgG8_Z19aVH2.jpg;https://www.cezivet.sk/_astro/zvierata.UGhcR3Yx_2dJSEM.png,cat,https://www.cezivet.sk/hotel-pre-macky/,2026-09-20,Felínna veterinárna ambulancia s hotelom pre mačky v Starom Meste
PET_HOTEL,Salón a hotel pre psov Havko,salon-a-hotel-pre-psov-havko,,"Year-round indoor dog hotel, daycare, and full coat grooming services.","Celoročný interiérový hotel pre psov, denná škôlka a úprava srsti.","Dog hotel and salon in Podunajské Biskupice operating since 2011. Offers year-round indoor boarding for dogs of all breeds, daycare, and full grooming services.",,"Jegenešská 11273/3, 821 06 Bratislava",48.118238,17.212239,https://maps.google.com/?cid=8154006210408458313,ChIJYbNbpjuGbEcRSai5U3LZKHE,+421 905 162 866,salonhavko@gmail.com,https://salonhavko.sk,,,,,,4.5,29,2026-09-25,,,,,,https://salonhavko.sk/ws/media-library/ffedb88795f6ee7a01135bf704715530/pes-v-pelechu.png;https://salonhavko.sk/ws/media-library/9131b2a2e39f1f30d55cdc03ac4ff55a/e8a043_75e58c7a6a8a48b88432be68bb8647d0mv2-1.jpg,dog,https://salonhavko.sk,2026-09-20,"Celoročné ubytovanie, škôlka a salón pre psov"
PET_HOTEL,DogHotel,doghotel,doghotel.png,Low-capacity home dog hotel and daycare with personalized care and walks.,Komorný domáci psí hotel a denná škôlka s individuálnou starostlivosťou.,"Boutique low-capacity dog hotel in Ružinov providing supervised boarding, daycare, and obedience training in a calm home environment.",,"Ivanská cesta 89, 821 04 Bratislava",48.168142,17.190476,https://maps.google.com/?cid=8727276931312282295,ChIJucDOyv6PbEcRt2pUQyGEHXk,+421 905 124 325,info@doghotel.sk,https://www.doghotel.sk,,,,,,4.9,155,2026-09-25,,,,,,https://www.doghotel.sk/wp-content/uploads/2025/02/DOGHOTEL-FB-4.png;https://www.doghotel.sk/wp-content/uploads/2025/02/DOGHOTEL-FB-5.png,dog,https://www.doghotel.sk,2026-09-20,Nízkokapacitný hotel pre psov s kynologickým dohľadom a výcvikom
PET_HOTEL,DEWEN Dog Hotel,dewen-dog-hotel,,"Cage-free dog boarding with large outdoor runs, basic training, and daycare.","Bezklietkový psí hotel s veľkými výbehmi, základným výcvikom a škôlkou.","Family-run dog hotel providing kennel-free boarding for small and medium dog breeds in a natural environment. Services include basic training, reconditioning stays, and pet transport.",,"Mlynská cesta (Devínske jazero), 841 07 Bratislava",48.158232,17.076545,https://maps.google.com/?cid=9348904286936866394,ChIJfQHs8XTybEcRWp7_ler6vYE,+421 917 661 765,doghotel@dewen.sk,http://www.dewen.sk,,,,,,4.5,117,2026-09-25,,,,,,,dog,http://www.dewen.sk/kontakt.htm,2026-09-20,"Hotel a škôlka pre psov rodinného typu bez kotercov v prírodnom prostredí (GPS: 48.262218, 16.964697); presný mestský obvod neistý, adresa v okolí Devínskeho jazera"
PET_HOTEL,Dunčovňa,duncovna,duncovna.png,Cage-free dog daycare and hotel with structured daily activities and walks.,Bezklietková psia škôlka a hotel so štruktúrovaným programom a prechádzkami.,"Daycare and cage-free overnight dog hotel in Ružinov with a maximum capacity of 20 dogs. Offers personalized attention, structured daily schedules, and supervised play.",,"Hrachová 41, 821 05 Bratislava",48.145182,17.182553,https://maps.google.com/?cid=17357389964202900960,ChIJWWvxCg2PbEcR4H0-hDXW4fA,+421 908 893 398,duncovna@gmail.com,https://www.duncovna.sk,,,,,,4.7,184,2026-09-25,,,,,,,dog,https://www.duncovna.sk,2026-09-20,Denná škôlka a nočný bezklietkový psí hotel v Ružinove
PET_HOTEL,TLAPKY - Zvieracia družina,tlapky-zvieracia-druzina,tlapky-zvieracia-druzina.png,Family home dog hotel and daycare with a large fenced garden and play.,Rodinný hotel a denná škôlka pre psy s oplotenou záhradou a voľným výbehom.,"Dog hotel and daycare based in a family home with a fenced garden in Vrakuňa. Focuses on socialization, active outdoor play, and attentive personal care.",,"Výtvarná 15, 821 06 Bratislava",48.133573,17.218204,https://maps.google.com/?cid=14091497069826451764,ChIJLWYkbRCGbEcRNKl20OwNj8M,+421 948 733 073,zvieraciadruzina@gmail.com,https://www.tlapky.sk,,,,,,4.9,139,2026-09-25,,,,,,,dog,https://www.tlapky.sk,2026-09-20,Psí hotel a škôlka v rodinnom dome s oplotenou záhradou
PET_HOTEL,Dogtrainer – Peter Peller,dogtrainer-peter-peller,dogtrainer-peter-peller.png,Dog boarding combined with obedience training and problem behavior coaching.,Ubytovanie psov spojené s výcvikom poslušnosti a nápravou správania.,"Cynological training center and dog boarding facility in Ružinov. Provides professional obedience training, problem behavior modification, and hotel boarding.",,"Sabinovská 5, 821 02 Bratislava",48.161942,17.147856,,,+421 948 262 713,bratislava@dogtrainer.sk,https://www.dogtrainer.sk,,,,,,,,2026-09-25,,,,,,https://www.dogtrainer.sk/wp-content/uploads/2024/05/Krmenie-hygiena.webp;https://www.dogtrainer.sk/wp-content/uploads/2024/06/Hierarchia-1.webp;https://www.dogtrainer.sk/wp-content/uploads/2024/06/Problemove-spravanie-Image.webp;https://www.dogtrainer.sk/wp-content/uploads/2024/06/Poslusnost-1.webp,dog,https://www.dogtrainer.sk,2026-09-20,Kynologické centrum s ponukou výcviku a hotelového ubytovania pre psov; no Google rating: <5 reviews
PET_HOTEL,PohoDOG Team,pohodog-team,pohodog-team.png,Individual dog boarding accommodating pets from only one family at a time.,"Individuálny domáci hotel pre psov, naraz len pre psíkov z jednej rodiny.","Home-style dog boarding and daycare service in Karlova Ves. Features cage-free family environment, training support, and dog walking in small groups.",,"Janotova 14, 841 04 Bratislava",48.150273,17.057171,https://maps.google.com/?cid=9006780008913887297,ChIJh9eoMwCLbEcRQeBmubKC_nw,+421 903 371 151,info@pohodog.sk,https://www.pohodog.sk,,,,,,5.0,12,2026-09-25,,,,,,https://www.pohodog.sk/wp-content/uploads/2024/01/FB_IMG_1704711384903-768x1024.jpg;https://www.pohodog.sk/wp-content/uploads/2024/02/trio1.jpeg,dog,https://www.pohodog.sk/kontakt/,2026-09-20,Domáci psí hotel a škôlka v Karlovej Vsi a Vlčom hrdle
PET_HOTEL,Zvieratkovo Rača,zvieratkovo-raca,zvieratkovo-raca.png,Cage-free family house boarding and garden runs for dogs and cats.,Bezklietkové rodinné ubytovanie psov a mačiek v dome so záhradou.,Private cage-free pet hotel in Rača set in a family home with a garden. Accommodates both dogs and cats with individual attention in a comfortable home setting.,,"Mrázová 16, 831 06 Bratislava",48.204093,17.152434,https://maps.google.com/?cid=4441253094811316956,ChIJgc8Nd2aObEcR3DLVsSiAoj0,+421 905 589 956,sona@zvieratkovoraca.sk,https://www.zvieratkovo-raca.sk,,,,,,4.8,101,2026-09-25,,,,,,,dog;cat,https://www.zvieratkovo-raca.sk/kontakt/,2026-09-20,Privátny bezklietkový hotel pre psy a mačky v rodinnom dome so záhradou
PET_HOTEL,Ako doma - Hotel pre psov,ako-doma-hotel-pre-psov,,Cozy home boarding in an apartment exclusively for small dogs up to 5 kg.,Útulné domáce opatrovanie v byte výhradne pre malé psy do 5 kg.,Pet hotel in Petržalka catering exclusively to small dog breeds up to 5 kg. Provides cage-free home boarding in a quiet apartment setting.,,"Petržalka, Bratislava",48.110972,17.11129,,,+421 903 947 371,ako-doma@ako-doma.sk,http://ako-doma.sk,,,,,,,,2026-09-25,,,,,,https://ako-doma.sk/wp-content/uploads/2014/03/magduska-200x200.jpg;https://ako-doma.sk/wp-content/uploads/2014/03/18033864_1556106501090119_8402035280519334224_n-200x200.jpg,dog,http://ako-doma.sk,2026-09-20,Hotel pre psov malých plemien do 5 kg v domácom prostredí v Petržalke; no Google rating: home boarding without separate card (<5 reviews)
PET_SITTING,Opatrovanie mačiek Bratislava (Adriana Tanková),opatrovanie-maciek-bratislava-adriana-tankova,,In-home cat sitting and feeding visits across the city during owners' absence.,Opatrovanie a kŕmenie mačiek priamo v ich domácom prostredí počas neprítomnosti.,"Professional in-home cat sitting service across Bratislava by Adriana Tanková. Provides home visits, feeding, playtime, and medication administration to keep cats comfortable in their familiar environment.",,Bratislava (výjazdové opatrovanie u klienta doma),,,,,+421 944 222 436,adriana.tankova@gmail.com,https://opatrovaniemaciek.sk,,,,,,,,2026-09-25,,,,,,https://opatrovaniemaciek.sk/wp-content/uploads/2020/06/slide3.jpg;https://opatrovaniemaciek.sk/wp-content/uploads/2021/06/cat8.jpg;https://opatrovaniemaciek.sk/wp-content/uploads/2021/06/cat7.jpg,cat,https://opatrovaniemaciek.sk,2026-09-20,"Profesionálne opatrovanie a návštevy mačiek priamo v domácnosti majiteľa v Bratislave; výjazdová služba bez fixného sídla, district neurčený zámerne; no Google rating: mobile service without separate card"
PET_SITTING,Petme Bratislava,petme-bratislava,petme-bratislava.svg,Online platform connecting pet owners with verified local sitters and dog walkers.,Online platforma spájajúca majiteľov zvierat s overenými opatrovateľmi a venčiarmi.,Online platform connecting pet owners with verified local pet sitters for dog walking and pet sitting across Bratislava. Operates with transparent pricing and included protection plans.,,Bratislava (pokrýva všetky mestské časti),,,,,,support@petme.social,https://petme.social,,,,,,,,2026-09-25,,,,,,,dog;cat,https://petme.social,2026-09-20,"Platforma sprostredkujúca overených opatrovateľov na venčenie psov a návštevy zvierat doma v Bratislave; pokrýva celé mesto, district neurčený zámerne, lat/lng zámerne prázdne (bez fixného sídla); no Google rating: mobile platform without separate card"
PET_SITTING,PohoDOG Team – Venčenie a opatrovanie na doma,pohodog-team-vencenie-a-opatrovanie-na-doma,pohodog-team.png,"Dog walking, home boarding and obedience training in a calm family environment.","Venčenie, domáce stráženie a výcvik psov v pokojnom rodinnom prostredí.",Individual dog walking and in-home pet sitting service in Karlova Ves and across Bratislava. Provided by experienced cynology trainers in a stress-free home format.,,"Janotova 14, 841 04 Bratislava",48.150273,17.057171,https://maps.google.com/?cid=9006780008913887297,ChIJh9eoMwCLbEcRQeBmubKC_nw,+421 903 371 151,info@pohodog.sk,https://www.pohodog.sk,,,,,,5.0,12,2026-09-25,,,,,,https://www.pohodog.sk/wp-content/uploads/2024/01/FB_IMG_1704711384903-768x1024.jpg;https://www.pohodog.sk/wp-content/uploads/2024/02/trio1.jpeg,dog,https://www.pohodog.sk,2026-09-20,Služby individuálneho venčenia a domáceho stráženia psov v Bratislave (Karlova Ves a Vlčie hrdlo)
PET_SITTING,Zvieratkovo Rača – Opatrovanie doma,zvieratkovo-raca-opatrovanie-doma,zvieratkovo-raca.png,"Cage-free in-home boarding, daycare and mobile pet sitting visits for dogs and cats.","Domáce stráženie bez kotercov, denná škôlka a výjazdová opatera psov i mačiek.","Mobile in-home pet sitting service based in Rača. Provides home visits, feeding, and care for dogs and cats directly at the owner's residence.",,"Mrázová 16, 831 06 Bratislava",48.204093,17.152434,https://maps.google.com/?cid=4441253094811316956,ChIJgc8Nd2aObEcR3DLVsSiAoj0,+421 905 589 956,sona@zvieratkovoraca.sk,https://www.zvieratkovo-raca.sk,,,,,,4.8,85,2026-09-25,,,,,,,dog;cat,https://www.zvieratkovo-raca.sk,2026-09-20,Výjazdové opatrovanie psov a mačiek priamo u majiteľa doma v Bratislave
DOG_TRAINING,Doggie – Výcviková škola,doggie-vycvikova-skola,,"Dog training school offering puppy socialization, obedience and problem behavior consults.","Výcviková škola pre psov ponúkajúca výchovu šteniat, poslušnosť a nápravu správania.","Dog training school in Staré Mesto founded by Juraj Ferko. Offers obedience courses from puppyhood to adulthood, socialization classes, and individual in-home training.",,"Pod Vinicami 21, 811 02 Bratislava",48.145167,17.07981,,,+421 902 244 244,doggie@doggie.sk,https://doggie.sk,,,,,,,,2026-09-25,,,,,,https://doggie.sk/wp-content/uploads/2026/07/obrazok-cviciska-na-hlavnej-stranke-doggie.png,dog,https://doggie.sk,2026-09-20,"Rodinná výcviková škola (kurzy poslušnosti, socializácia, individuálne tréningy v Bratislave); no Google rating: <5 reviews"
DOG_TRAINING,ERPOL – Výcvik psov Bratislava,erpol-vycvik-psov-bratislava,,Urban dog obedience courses and puppy education conducted directly in real city settings.,Výcvik základnej poslušnosti a výchova šteniat v reálnom mestskom prostredí bez nátlaku.,"Dog training center in Dúbravka specializing in urban dog education and obedience in real city environments. Conducts puppy classes, basic obedience, and individual handling sessions.",,"Lipského 15, 841 01 Bratislava",48.180644,17.051078,,,+421 902 910 700,info@psivycvik.sk,https://psivycvik.sk,,,,,,,,2026-09-25,,,,,,,dog,https://psivycvik.sk,2026-09-20,Výchova a výcvik mestských psov v reálnom mestskom prostredí; no Google rating: <5 reviews
DOG_TRAINING,Športový klub policajnej kynológie (ŠKPK),sportovy-klub-policajnej-kynologie-skpk,,"Cynological training center offering puppy socialization, obedience and sports dog training.","Kynologické stredisko ponúkajúce výchovu šteniat, poslušnosť a športový výcvik psov.",Cynological training center in Dúbravka offering structured dog training for all breeds. Courses range from puppy socialization to advanced obedience and sports cynology.,,"Agátová 10/A, 841 01 Bratislava",48.202915,17.028003,https://maps.google.com/?cid=12303783600333745661,ChIJveCEY5qMbEcR_W0rC__Rv6o,+421 917 173 665,fero69@cvicimepsov.sk,https://www.cvicimepsov.sk,,,,,,4.6,35,2026-09-25,,,,,,https://cvicimepsov.sk/wp-content/uploads/2026/02/Hero.jpg;https://cvicimepsov.sk/wp-content/uploads/2026/02/slider-basic1-edited.jpg;https://cvicimepsov.sk/wp-content/uploads/2026/02/slider-advanced1.jpg,dog,https://www.cvicimepsov.sk,2026-09-20,"Kynologické výcvikové stredisko v Dúbravke (kurzy pre šteňatá, poslušnosť, obrana)"
DOG_TRAINING,Kynologický klub Staré ihrisko (KKSI),kynologicky-klub-stare-ihrisko-kksi,kynologicky-klub-stare-ihrisko-kksi.png,"Dog training club offering basic obedience, puppy training, tracking and rally obedience.","Kynologický klub ponúkajúci kurzy základnej poslušnosti, stopy a rally obedience.",Dog training club and training ground in Rača organizing regular obedience classes and rally obedience courses for dogs of all breeds.,,"Príjazdná 18, 831 07 Bratislava",48.196302,17.208854,https://maps.google.com/?cid=6522163633427099479,ChIJP3OSjUCObEcRV69kyURhg1o,+421 905 700 968,vycvik@kksi.sk,http://www.kksi.sk,,,,,,4.7,14,2026-09-25,,,,,,,dog,http://www.kksi.sk,2026-09-20,"Kynologické cvičisko a klub v Rači (kurzy základnej poslušnosti, športová kynológia, rally obedience)"
DOG_TRAINING,Klub športovej kynológie 1 (KŠK 1),klub-sportovej-kynologie-1-ksk-1,,Sports cynology and basic dog obedience training center with tracking and defense work.,"Klub športovej kynológie so zameraním na základnú poslušnosť, pachové práce a obranu.","Cynological sports club based in Devínska Nová Ves. Focuses on basic and advanced dog training, defense, tracking, and sports cynology preparation.",,"Vápencová ulica, 841 07 Bratislava",48.214579,16.976841,,,+421 910 954 417,v.barbirikova@gmail.com,https://ksk1.eu,,,,,,,,2026-09-25,,,,,,https://www.ksk1.eu/wp-content/uploads/2022/10/IMG3H.webp;https://www.ksk1.eu/wp-content/uploads/2022/10/IMG4H.webp;https://www.ksk1.eu/wp-content/uploads/2022/10/IMG5H.webp;https://www.ksk1.eu/wp-content/uploads/2022/10/IMG6H.webp,dog,https://ksk1.eu,2026-09-20,Cvičisko a kynologický klub v Devínskej Novej Vsi (základná poslušnosť a športová kynológia); no Google rating: <5 reviews
DOG_TRAINING,Kynologický klub Lamač,kynologicky-klub-lamac,,Dog training grounds offering playful puppy courses and basic obedience classes.,Kynologické cvičisko ponúkajúce hravé kurzy pre šteniatka a výcvik základnej poslušnosti.,"Dog training facility in Lamač operating since 2004. Offers playful puppy courses, basic obedience classes, and problem behavior rehabilitation.",,"Bakošova 4549/46, 841 03 Bratislava",48.200536,17.046587,,,+421 905 345 675,,https://www.vycvikpsovbratislava.sk,,,,,,,,2026-09-25,,,,,,https://www.vycvikpsovbratislava.sk/wp-content/uploads/2023/01/slider2.webp,dog,https://www.vycvikpsovbratislava.sk,2026-09-20,Kynologické cvičisko v Lamači (kurzy poslušnosti a športový výcvik); no Google rating: <5 reviews
DOG_TRAINING,SAR DA – Výcvikové kynologické centrum (Poslušný pes),sar-da-vycvikove-kynologicke-centrum-poslusny-pes,sar-da-vycvikove-kynologicke-centrum-poslusny-pes.png,Canine training center run by search and rescue handlers offering obedience and puppy classes.,Kynologické centrum vedené záchranármi ponúkajúce výcvik poslušnosti a kurzy pre šteniatka.,"Dog training center in Nové Mesto providing obedience courses, puppy kindergarten, rescue work training, and behavioral consultations.",,"Bojnická 10, 831 04 Bratislava",48.179491,17.166457,https://maps.google.com/?cid=8096872552822230382,ChIJZVp7RdyObEcRbk2UDrDeXXA,+421 910 810 324,vycvik@sarda.sk,https://poslusnypes.sk,,,,,,4.8,36,2026-09-25,,,,,,https://www.poslusnypes.sk/wp-content/uploads/2024/03/24-home-slider-scaled.jpg;https://www.poslusnypes.sk/wp-content/uploads/2024/03/24-home-slider2-scaled.jpg;https://www.poslusnypes.sk/wp-content/uploads/2024/03/24-home-slider4-scaled.jpg,dog,https://poslusnypes.sk,2026-09-20,"Kynologické centrum v Novom Meste (kurzy poslušnosti, záchranársky výcvik SAR DA)"
PET_SHOP,Zuzalo – Chovateľské potreby,zuzalo-chovatelske-potreby,zuzalo-chovatelske-potreby.png,"Boutique pet store offering premium wholesome feeds, natural treats and stylish accessories.","Predajňa chovateľských potrieb s ponukou prémiových krmív, prírodných maškŕt a doplnkov.","Boutique pet store on Dunajská street in Staré Mesto operating since 2020. Specializes in wholesome, natural foods, treats without additives, and stylish accessories for dogs and cats.",,"Dunajská 64, 811 08 Bratislava",48.14625,17.120941,,,+421 940 731 217,info@zuzalo.sk,https://www.zuzalo.sk,,,,,,,,2026-09-25,,,,,,,dog;cat,https://www.zuzalo.sk,2026-09-20,Kamenná predajňa s krmivom a chovateľskými potrebami pre psov a mačky v Starom Meste; no Google rating: store closed (<5 reviews)
PET_SHOP,Sponzia – Chovateľské potreby,sponzia-chovatelske-potreby,,"Family-run pet shop offering specialty feeds, pet gear and cynological training advice.","Rodinné chovateľské potreby s ponukou krmív, výbavy a kynologického poradenstva.","Pet supply store and training center in Ružinov offering animal feed, pet gear, supplements, and canine training equipment.",,"Mierová 68, 821 05 Bratislava",48.14916,17.17452,,,+421 2 4363 0703,shop@sponzia.sk,https://www.sponzia.sk,,,,,,,,2026-09-25,,,,,,https://www.sponzia.sk/css/vycvik.jpg;https://www.sponzia.sk/css/potreby.jpg,dog;cat,https://www.sponzia.sk,2026-09-20,Kamenná predajňa chovateľských potrieb a krmív v Ružinove; no Google rating: <5 reviews
PET_SHOP,Goio Pet Shop,goio-pet-shop,,"Pet supplies store offering premium dry food, wet food, treats, toys and care accessories.","Predajňa chovateľských potrieb s ponukou krmív, maškŕt, hračiek a výbavy pre zvieratá.","Pet supply shop in Petržalka offering a broad selection of feed, treats, toys, and care accessories for dogs, cats, small animals, and birds.",,"Bosákova 9, 851 04 Bratislava",48.128204,17.122424,https://maps.google.com/?cid=7890112999246410043,ChIJGyDlLRCJbEcROzHGHfhPf20,+421 904 810 137,,https://goiopet.sk,,,,,,4.7,215,2026-09-25,,,,,,,dog;cat,https://goiopet.sk,2026-09-20,"Kamenná predajňa chovateľských potrieb, krmív a príslušenstva v Petržalke"
PET_SHOP,Chovateľské potreby Fanzy,chovatelske-potreby-fanzy,,"Neighborhood pet shop in OD Budúcnosť offering basic pet food, treats and supplies.",Miestna predajňa chovateľských potrieb v OD Budúcnosť s ponukou krmív a príslušenstva.,Brick-and-mortar pet supply and animal feed store located inside the OD Budúcnosť shopping center in Ružinov.,,"Drieňová 81/40, 821 02 Bratislava",48.15983,17.144371,,,+421 944 413 208,chovprodukt.fanzy@gmail.com,,,,,,,,,2026-09-25,,,,,,,dog;cat,https://oma.sk/chovatelske-potreby-fanzy-od-buducnost,2026-09-20,Predajňa chovateľských potrieb a krmív v OD Budúcnosť v Ružinove; no Google rating: <5 reviews
PET_SHOP,Super zoo – Bajkalská,super-zoo-bajkalska,super-zoo-bajkalska.svg,"Large flagship pet store offering feeds, terrariums, live animals, grooming and accessories.","Veľkoplošná predajňa chovateľských potrieb s ponukou krmív, terárií, zvierat a psieho salónu.","Large retail pet store on Bajkalská street in Ružinov offering food, treats, toys, terrariums, cages, and accessories for all types of pets.",,"Bajkalská 29/F, 821 05 Bratislava",48.150769,17.149433,https://maps.google.com/?cid=7754246788071376993,ChIJW6pnYdKIbEcRYUi1t16enGs,+421 918 605 900,bajkalskaba@superzoo.sk,https://www.superzoo.sk,,,,,,4.5,1500,2026-09-25,,,,,,,dog;cat,https://www.superzoo.sk,2026-09-20,Veľkoplošná predajňa chovateľských potrieb a krmív (bývalý ZooDom) v Ružinove
PET_SHOP,Super zoo – Aupark,super-zoo-aupark,super-zoo-aupark.svg,"Shopping center pet shop providing pet foods, care products, accessories and grooming services.","Predajňa v nákupnom centre s ponukou krmív, chovateľských potrieb a psím salónom.","Pet supply store located in the Aupark shopping center in Petržalka, providing quality pet food, care products, and accessories for domestic animals.",,"Einsteinova 18, 851 01 Bratislava",48.132697,17.108577,,,+421 914 347 120,aupark@superzoo.sk,https://www.superzoo.sk,,,,,,,,2026-09-25,,,,,,,dog;cat,https://www.superzoo.sk,2026-09-20,Predajňa chovateľských potrieb v OC Aupark Petržalka; no Google rating: mall branch without separate card (<5 reviews)
PET_SHOP,PetCenter – Stanica Nivy,petcenter-stanica-nivy,petcenter-stanica-nivy.svg,"Modern mall pet shop with wide range of animal feeds, treats, toys and essential care gear.","Predajňa v nákupnom centre Nivy so širokým sortimentom krmív, maškŕt a potrieb pre zvieratá.","Pet store in the Stanica Nivy shopping mall in Ružinov, featuring a wide selection of animal feeds, treats, toys, and pet care essentials.",,"Mlynské nivy 5/A, 821 09 Bratislava",48.146843,17.128698,,,+421 909 255 234,bratislavanivy@petcenter.sk,https://www.petcenter.sk,,,,,,,,2026-09-25,,,,,,,dog;cat,https://www.petcenter.sk,2026-09-20,Predajňa chovateľských potrieb v nákupnom centre Nivy; no Google rating: mall branch without separate card (<5 reviews)
PET_SHOP,PetCenter – OC Galéria Petržalka,petcenter-oc-galeria-petrzalka,petcenter-oc-galeria-petrzalka.svg,"Retail pet shop in Galéria shopping park providing pet food, supplements, treats and toys.","Predajňa chovateľských potrieb v OC Galéria s ponukou krmív, doplnkov výživy a hračiek.","Pet shop located in the OC Galéria shopping center in Petržalka, offering pet food, supplements, toys, and supplies for dogs, cats, and small animals.",,"Panónska cesta 25, 851 04 Bratislava",48.108352,17.097127,,,+421 909 255 202,,https://www.petcenter.sk,,,,,,,,2026-09-25,,,,,,,dog;cat,https://www.petcenter.sk,2026-09-20,Predajňa chovateľských potrieb v OC Galéria Petržalka; no Google rating: mall branch without separate card (<5 reviews)
PET_SHOP,Vet Lekáreň (MVDr. Pavol Šimun),vet-lekaren-mvdr-pavol-simun,,"Veterinary pharmacy providing specialized medicines, clinical diets and pet health supplements.","Veterinárna lekáreň s predajom veterinárnych liečiv, klinických diét a doplnkov výživy.","Specialized veterinary pharmacy in Nové Mesto operated by MVDr. Pavol Šimun. Stocks prescription veterinary pharmaceuticals, specialized diets, vitamins, and healthcare supplements.",,"Kalinčiakova 1, 831 04 Bratislava",48.159538,17.130877,https://maps.google.com/?cid=11850998846368343811,ChIJpRCg1iyPbEcRA2dZV6k0d6Q,+421 908 382 206,info@vetlekaren.sk,https://www.vetlekaren.sk,,,,,,4.6,135,2026-09-25,,,,,,,dog;cat,https://www.vetlekaren.sk,2026-09-20,Špecializovaná veterinárna lekáreň a predajňa veterinárnych liečiv a doplnkov v Novom Meste
PET_SHOP,Lekáreň HUMAVET,lekaren-humavet,,Community pharmacy specializing in combined human and veterinary pharmaceuticals.,Lekáreň so špecializáciou na humánne aj veterinárne liečivá a antiparazitiká.,"Community pharmacy in Nové Mesto specializing in human and veterinary medicines, antiparasitics, and animal healthcare products.",,"Sibírska 1597/11, 831 02 Bratislava",48.161205,17.119572,https://maps.google.com/?cid=403424675532853682,ChIJ5ThtlrKObEcRslHD3ppAmQU,+421 2 4425 1143,lekaren.humavet@gmail.com,,,,,,,4.7,28,2026-09-25,,,,,,,dog;cat,https://www.e-vuc.sk,2026-09-20,Verejná lekáreň so špecializáciou na humánne a veterinárne liečivá v Novom Meste
